Title,<bibl> Source ID,Publication date,Author,Title of Periodical,Name of Publisher,Volume (if applicable),Page(s),Place of publication,Entry proofed?,Image/page of scrapbook on which source appears,Link to source,Notes
With Whom We Trade,owu0036,1855-12-8,,LIfe Illustrated,,,,,error from Ebsco,owu_cah.00203,http://web.a.ebscohost.com.libproxy.unl.edu/ehost/archiveviewer/archive?vid=38&sid=eba9c500-8c6b-4a65-b0e6-85b737fa8d3d%40sessionmgr4006&bdata=JnNpdGU9ZWhvc3QtbGl2ZQ%3d%3d#kw=true&acc=false&lpId=divl58&ppId=divp6&twPV=null&xOff=0&yOff=0&zm=2&fs=null&rot=0&docMapOpen=true&pageMapOpen=true&AN=59955947&db=h9k,
Glimpses of Iowa,owu0036,1855-12-8,,LIfe Illustrated,,1,48-53,NY,yes,owu_cah.00470,http://search.ebscohost.com.libproxy.unl.edu/login.aspx?direct=true&db=h9k&AN=59955928&site=ehost-live,Same as With Whom we Trade
Literary Institutions,owu0066,1856-12-27,,Life Illustrated,,3,70-79,NY,yes,owu_cah.00512,http://search.ebscohost.com.libproxy.unl.edu/login.aspx?direct=true&db=h9k&AN=59967031&site=ehost-live,
The Victoria Bridge,owu0066,1856-12-27,,Life Illustrated,,duplicate of above,duplicate of above,duplicate of above,duplicate of above,owu_cah.00528-33,http://search.ebscohost.com.libproxy.unl.edu/login.aspx?direct=true&db=h9k&AN=59967031&site=ehost-live,Same as Literary Institutions
The Whole Amount of Salt inspected,owu0043,1857-01-31,,Life Illustrated,,,,New York,error from Ebsco,owu_cah.00269,http://web.a.ebscohost.com.libproxy.unl.edu/ehost/archiveviewer/archive?vid=100&sid=eba9c500-8c6b-4a65-b0e6-85b737fa8d3d%40sessionmgr4006&bdata=JnNpdGU9ZWhvc3QtbGl2ZQ%3d%3d#kw=true&acc=false&lpId=divl35&ppId=divp6&twPV=null&xOff=0&yOff=1278&zm=3&fs=null&rot=0&docMapOpen=true&pageMapOpen=true&AN=59986928&db=h9k,
Travels in South Africa,owu0043,1857-01-31,,Life Illustrated,,3,105-109,New York,yes,owu_cah.00269,http://search.ebscohost.com.libproxy.unl.edu/login.aspx?direct=true&db=h9k&AN=59986912&site=ehost-live,"Same as ""The Whole Amount of Salt Inspected"""
Temperature of the Earth,owu0018,1857-03-14,,Life Illustrated,,,,New York,error from Ebsco,owu_cah.00077,http://web.a.ebscohost.com.libproxy.unl.edu/ehost/archiveviewer/archive?vid=85&sid=8e2c0a5d-982f-4a47-b908-ed860ebf17d9%40sdc-v-sessmgr04&bdata=JnNpdGU9ZWhvc3QtbGl2ZQ%3d%3d#kw=true&acc=false&lpId=divl43&ppId=divp6&twPV=null&xOff=0&yOff=246&zm=2&fs=null&rot=0&docMapOpen=true&pageMapOpen=true&AN=60028578&db=h9k,
Bridge at St. Louis,owu0018,1857-03-14,,Life Illustrated,,,,New York,*referred to as 'Items' in Ebsco,owu_cah.00431,http://search.ebscohost.com.libproxy.unl.edu/login.aspx?direct=true&db=h9k&AN=60028561&site=ehost-live,Same as Temperature of the Earth
The State of New York contains,owu0041,1857-12-26,,LIfe Illustrated,,,,New York,error from Ebsco,owu_cah.00262,http://web.a.ebscohost.com.libproxy.unl.edu/ehost/archiveviewer/archive?vid=93&sid=eba9c500-8c6b-4a65-b0e6-85b737fa8d3d%40sessionmgr4006&bdata=JnNpdGU9ZWhvc3QtbGl2ZQ%3d%3d#kw=true&acc=false&lpId=divl36&ppId=divp6&twPV=null&xOff=0&yOff=1494&zm=3&fs=null&rot=0&docMapOpen=true&pageMapOpen=true&AN=60416934&db=h9k,
The Fincastle Valley Whig,owu0041,1857-12-26,,LIfe Illustrated,,,,New York,error in ebsco,owu_cah.00262,http://web.a.ebscohost.com.libproxy.unl.edu/ehost/archiveviewer/archive?vid=109&sid=eba9c500-8c6b-4a65-b0e6-85b737fa8d3d%40sessionmgr4006&bdata=JnNpdGU9ZWhvc3QtbGl2ZQ%3d%3d#kw=true&acc=false&lpId=divl47&ppId=divp8&twPV=null&xOff=0&yOff=411&zm=2&fs=null&rot=0&docMapOpen=true&pageMapOpen=true&AN=60416930&db=h9k,Same as State of New York
Crops of 1856,owu0041,1857-12-26,,LIfe Illustrated,,5,70-74,New York,yes (image resolution needs review),owu_cah.00513,http://search.ebscohost.com.libproxy.unl.edu/login.aspx?direct=true&db=h9k&AN=60416934&site=ehost-live,Same as State of New York
U. S. Army - The total authorized strength,owu0041,1857-12-26,,LIfe Illustrated,,5,,New York,yes,owu_cah.00518,http://search.ebscohost.com.libproxy.unl.edu/login.aspx?direct=true&db=h9k&AN=60416934&site=ehost-live,Same as State of New York
"Memoria technica: or, The art of abbreviating …, also rules for memorizing …",owu0001,1847,"Dow Johnson, Lorenzo",,"Gould, Kendall, and Lincoln",,,London,yes,multiple (add later) whitman_scrapbook_003.tif; 4; 9-10; 26-30,https://books.google.com/books?id=N1cJAQAAMAAJ&dq=memoria%20technica%20discoveries%20and%20improvements&pg=PA45#v=onepage&q=memoria%20technica%20discoveries%20and%20improvements&f=false,
"""Peru"" The U.S. Democratic Review, volume 21",owu1002,1847,,The United States Magazine and Democratic Review,,21,129-140,New York,yes,whitman_scrapbook_272-278.tif (disc 3),https://books.google.com/books?id=6RI0AQAAMAAJ&pg=PA129&dq=the+solitary+monuments+of+their+industry+occasionally+astonish+the+traveller&hl=en&sa=X&ved=0ahUKEwieluyH1dLYAhVBxoMKHSidC5cQ6AEIKTAA#v=onepage&q=the%20solitary%20monuments%20of%20their%20industry%20occasionally%20astonish%20the%20traveller&f=false,
"Travels in Peru, During the Years 1838-1842 ...",owu1003,1847,Dr. J. J. von Tschudi,, David Bogue,,,London,yes,whitman_scrapbook_278-290.tif,https://books.google.com/books?id=DrECAAAAYAAJ&pg=PA290&dq=the+other+chain+takes+a+parallel+direction+but+describes+throughout&hl=en&sa=X&ved=0ahUKEwiq2qaT19LYAhVrxYMKHe3jDMAQ6AEIKTAA#v=onepage&q=the%20other%20chain%20takes%20a%20parallel%20direction%20but%20describes%20throughout&f=false,
"Results of Astronomical Observations made during the years 1834,5,6,7,8, at the Cape of Good Hope, being the completion of a Telescopic Survey of the whole surface of the visible Heavens, commenced in 1825",owu0032,1848,Sir John Herschel,The North British Review,,"8, 9",263-286,"Edinburgh, Scotland",yes,owu_cah.00132-138 and missing pages,https://books.google.com/books?id=drQRAAAAYAAJ&pg=PA279&dq=Sir+John+Herschel%27s+Astronomical+Observations+1848&hl=en&sa=X&ved=0ahUKEwjn8MT0nsLaAhVFQq0KHUUQAjIQ6AEILzAB#v=onepage&q=Sir%20John%20Herschel's%20Astronomical%20Observations%201848&f=false,"American Edition, Volume III, Leonard Scott & Co."
The Physical Atlas. [Book Review],owu0013,1849,Alex Keith Johnson,"Edinburgh Review, Or Critical Journal Volume LXXXIX published by Leonard Scott & Co.,",,89,169-181,"Edinburgh, Scotland",yes,Missing page as well as whitman_scrapbook_022-26.tif,https://books.google.com/books?id=Sy07AQAAMAAJ&pg=RA1-PA1&dq=the+edinburg+review+1849&hl=en&sa=X&ved=0ahUKEwiH5cOcju_YAhXMGZQKHc2kCigQ6AEILjAB#v=onepage&q=physical%20atlas&f=false,
Taylor's Eve of the Conquest [Review],,1849,Alex Keith Johnson,"Edinburgh Review, Or Critical Journal Volume LXXXIX published by Leonard Scott & Co.,",,89,,"Edinburgh, Scotland",yes,whitman_scrapbook_26.tif (Verso of The Physical Atlas Review),https://books.google.com/books?id=Sy07AQAAMAAJ&pg=RA1-PA1&dq=the+edinburg+review+1849&hl=en&sa=X&ved=0ahUKEwiH5cOcju_YAhXMGZQKHc2kCigQ6AEILjAB#v=onepage&q=physical%20atlas&f=false,
"Littell's Living Age, volume XXII",owu2001,1849,"""conducted"" by E. Littell",E. Littell & Company,,22,,,yes,"I found it on whitman_scrapbook_523.tif (disc five) but I checked disc 4 and it appears there at 520 (and I wonder if earlier, too) #cb",https://books.google.com/books?id=ipo2AQAAMAAJ&pg=PA162&lpg=PA162&dq=ode+upon+content+an+unpublished+poem&source=bl&ots=fQdZzbDlAk&sig=-viJ1UxCpC4gggXLXxMDYb_SeMU&hl=en&sa=X&ved=0ahUKEwi3sfenwYXZAhULC6wKHY38BjIQ6AEIKTAA#v=onepage&q=ode%20upon%20content%20an%20unpublished%20poem&f=false,the particular page I am looking at for my chunk contains two poems from Anglo-Saxon
Layard's Nineveh and its Remains,owu0033,1849,,The North British Review,,"11, 12",,"Edinburgh, Scotland",yes,whitman_scrapbook_060-73 (Pages 72 & 73 are an article of a different title but the same source),https://books.google.com/books?id=VfEaAAAAYAAJ&pg=PA111&dq=1849+Review+Nineveh+and+its+remains&hl=en&sa=X&ved=0ahUKEwjqu4CIpMLaAhUBOawKHaLvAKQQ6AEIaTAL#v=onepage&q=1849%20Review%20Nineveh%20and%20its%20remains&f=false,"American Edition, Leonard Scott & Co."
The Central Nation,owu0108,1852,,The American Whig Review,,"15, 16",,New York,yes,owu_cah.00701-710,https://books.google.com/books?id=LWACAAAAIAAJ&pg=PA317&dq=the+unwillingness+of+a+nation+to+be+known+does+not+diminish+our+anxiety+to+know+her&hl=en&sa=X&ved=0ahUKEwjW4sHCotTeAhVDYK0KHSRiDSIQ6AEIKjAA#v=onepage&q=the%20unwillingness%20of%20a%20nation%20to%20be%20known%20does%20not%20diminish%20our%20anxiety%20to%20know%20her&f=false,
The Physical Atlas: A Series of Maps & Notes Illustrating the Geographical Distribution of Natural Phenomena,,1854,"Johnston, Alexander Keith",,William Blackwood & Sons,,,Edinburgh ,yes,owu_rc.00043-50,https://books.google.com/books?id=TdtFnQAACAAJ&dq=the+physical+atlas&hl=en&sa=X&ved=0ahUKEwjO88O36sjYAhUDRSYKHaTKCOQQ6AEIJzAA,Possible source (no online copy to check) Found the source to actually be Edinburgh Review (see next entry) CH
"The World As it Is, And As it Has Been: Or, A Comprehensive Geography And History, Ancient And Modern",owu0002,1855,"Goodrich, Samuel G.",,J. H. Colton and Company,,,New York,ywa,"whitman_scrapbook_004.tif; 5-9; 74-79, 83-91, 98-102, whitman_scrapbook_268.tif - 271, 294-295, 298-299, 304-305, 310-313, 321-323, 344-9, 357-61, 373-6, 385, 391-6, 411-4, 458-459 (disc 3); many more (including in disc 1); owu_km.00038-39 (disc 6; catalog of J.H. Colton & Co. Publications)",https://catalog.hathitrust.org/Record/011627416,
Smith's Atlas of Modern and Ancient Geography,,1855,Roswell C. Smith,,"Daniel Burgess & Co.,",,,New York,yes,begins on whitman_scrapbook_639.tif (disc five) and seemingly extends to whitman_scrapbook_667.tif (disc 6),can't find full text,"It is the edition of Smith's Atlas that is ""Corrected and Enlarged to Accompany Smith's Geography for Schools, Academies, and Families,"" according to the title page. KM"
"Student and Schoolmate, volumes 3-4",,1856,"Calkins, Norman Allison",,Calkins & Stiles,,,New York,yes,"owu_rc.00064.jpg (""Temperature of the Earth"")",https://books.google.com/books?id=2OksAAAAYAAJ&q=temperature+of+the+earth+scientific+investigations+have+been+made&dq=temperature+of+the+earth+scientific+investigations+have+been+made&hl=en&sa=X&ved=0ahUKEwjApJyF383YAhUIy2MKHfWDAWYQ6AEILDAB,"Excerpt matched, but no ebook available; could not find some other sources on the same page"
Fourth Reader. for Common Schools and Academies,owu0090,1856,"Henry Mandeville, D. D.",,D. Appleton,,,New York,yes,owu_cah.0043-44,https://books.google.com/books?id=bHkSAAAAIAAJ&printsec=frontcover#v=onepage&q&f=false,
Central America,owu3012,1856-01-03,,Brooklyn Daily Eagle,,,,New York,yes,owu_km.00107,https://bklyn.newspapers.com/image/50246057/,Found on Fulton History
Killed an Otter,owu0052,1856-05-10,,New York Clipper,,"4,3",18-27,New York,yes,owu_cah.00425,http://search.ebscohost.com.libproxy.unl.edu/login.aspx?direct=true&db=h9k&AN=60609481&site=ehost-live,
Our Large Pictures.,owu0053,1856-05-24,,"Ballou's Pictorial Drawing-Room Companion, Vol. 10, Iss.21",,10,333,Boston,yes,owu_cah.00426,https://search-proquest-com.libproxy.unl.edu/americanperiodicals/docview/124057433/D936899F9AF949DAPQ/1?accountid=8116,
Says a scientific writer,owu0017,1856-07-19,,Ballou's Pictorial ,,,,Boston,ebsco error,owu_cah.00076,http://web.a.ebscohost.com.libproxy.unl.edu/ehost/archiveviewer/archive?vid=61&sid=8e2c0a5d-982f-4a47-b908-ed860ebf17d9%40sdc-v-sessmgr04&bdata=JnNpdGU9ZWhvc3QtbGl2ZQ%3d%3d#kw=true&acc=false&lpId=divl62&ppId=divp15&twPV=null&xOff=0&yOff=429&zm=2&fs=null&rot=0&docMapOpen=true&pageMapOpen=true&AN=63591554&db=h9k,
"American Association for the Advancement of Science (Proceedings, Day 3)",owu3024,1856-08-25,,New-York Daily Tribune,,,3,New York,yes,owu_km.00188,https://chroniclingamerica.loc.gov/lccn/sn83030213/1856-08-25/ed-1/seq-3/,
New York Herald,owu1022,1856-08-26,,,,,,New York,yes,whitman_scrapbook_437-52.tif,https://chroniclingamerica.loc.gov/lccn/sn83030313/1856-08-26/ed-1/seq-1/,
"American Association for the Advancement of Science (Proceedings, Day 4)",owu3025,1856-08-26,,New-York Daily Tribune,,,6,New York,yes,owu_km.00194; owu_km.00197,https://chroniclingamerica.loc.gov/lccn/sn83030213/1856-08-26/ed-1/seq-6/,
New York Daily Tribune (full newspaper page: pages 5-6),owu3005,1856-08-28,,New York Daily Tribune,,,5,New York,yes,whitman_scrapbook_693-696,https://chroniclingamerica.loc.gov/lccn/sn83030213/1856-08-28/ed-1/seq-5/,
The Scientific Congress.,owu0114,1856-08-28,,New York Herald,,,2,New York,yes,owu_cah.00765,http://chroniclingamerica.loc.gov/lccn/sn83030313/1856-08-28/ed-1/seq-2/,
Inauguration of Dudley Observatory; Uses of Astronomy,owu3013,1856-08-29,,New York Daily Times ,,,2,New York,yes,owu_km.00109; owu_km.00152; owu_km.00224,https://search-proquest-com.libproxy.unl.edu/docview/95909855/EBB42FFD1BC2444EPQ/1?accountid=8116,"Whitman has clipped two articles from this same issue; one of the articles (""Uses of Astronomy"") is spread across two separate clippings."
"""Weekly Report of Deaths""",owu0019,1856-10-06,,The New York Herald,,,,New York,error,whitman_scrapbook_32.tif,http://find.galegroup.com.libproxy.unl.edu/ncnp/newspaperRetrieve.do?sgHitCountType=None&sort=DateAscend&tabID=T003&prodId=NCNP&resultListType=RESULT_LIST&searchId=R2&searchType=AdvancedSearchForm&currentPosition=15&qrySerId=Locale%28en%2C%2C%29%3AFQE%3D%28tx%2CNone%2C23%29weekly+report+of+deaths%3AAnd%3ALQE%3D%28da%2CNone%2C21%298%2F1%2F1856+-+10%2F30%2F1856%24&retrieveFormat=MULTIPAGE_DOCUMENT&userGroupName=linc74325&inPS=true&contentSet=LTO&&docId=&docLevel=FASCIMILE&workId=&relevancePageBatch=GT3003596183&contentSet=UDVIN&callistoContentSet=UDVIN&docPage=article&hilite=y,
"""The Census of Russia.""",owu1017,1856-10-26,,New York Herald,,,,New York,error,owu_rc_00256-7,http://find.galegroup.com.libproxy.unl.edu/ncnp/newspaperRetrieve.do?sgHitCountType=None&sort=DateAscend&tabID=T003&prodId=NCNP&resultListType=RESULT_LIST&searchId=R1&searchType=BasicSearchForm&currentPosition=4&qrySerId=Locale%28en%2C%2C%29%3AFQE%3D%28ke%2CNone%2C20%29the+census+of+russia%3AAnd%3ALQE%3D%28da%2CNone%2C11%291845+-+1860%24&retrieveFormat=MULTIPAGE_DOCUMENT&userGroupName=linc74325&inPS=true&contentSet=LTO&&docId=&docLevel=FASCIMILE&workId=&relevancePageBatch=GT3003597725&contentSet=UDVIN&callistoContentSet=UDVIN&docPage=article&hilite=y,
The staple products of Texas,owu0048,1856-11-14,,Brooklyn Daily Eagle,,,2,New York ,yes,whitman_scrapbook_177,https://bklyn.newspapers.com/image/50414312/?terms=cotton%2Bcrop%2Baugments,
,owu0042,1856-12-06,,Life Illustrated,,3,44-46,New York,yes,owu_cb.00029;  owu_cb.00031,http://search.ebscohost.com.libproxy.unl.edu/login.aspx?direct=true&db=h9k&AN=59956122&site=ehost-live,"Same as Chesapeake & Great Lakes, and How Far is it? Ours a Great Country"
The Chesapeake and the Great Lakes United,owu0042,1856-12-06,,Life Illustrated,,,,New York,error,owu_cah.00268,http://web.a.ebscohost.com.libproxy.unl.edu/ehost/archiveviewer/archive?vid=96&sid=eba9c500-8c6b-4a65-b0e6-85b737fa8d3d%40sessionmgr4006&bdata=JnNpdGU9ZWhvc3QtbGl2ZQ%3d%3d#kw=true&acc=false&lpId=divl33&ppId=divp6&twPV=null&xOff=0&yOff=1405&zm=3&fs=null&rot=0&docMapOpen=true&pageMapOpen=true&AN=59956106&db=h9k,
"How Far Is It? Ours a ""Great Country""",owu0042,1856-12-06,,Life Illustrated,,3,46-49,New York,yes,owu_cah.00511,http://search.ebscohost.com.libproxy.unl.edu/login.aspx?direct=true&db=h9k&AN=59956118&site=ehost-live,
"""central point of an active and industrious population""",owu0042,1856-12-06,,Life Illustrated,,3,44-45. ,New York,yes,owu_cb.00006,http://search.ebscohost.com.libproxy.unl.edu/login.aspx?direct=true&db=h9k&AN=59956122&site=ehost-live,
The Brooklyn Daily Eagle,owu0029,1856-12-12,,,,,2,New York,yes,owu_cah.00115,https://bklyn.newspapers.com/image/50418299,
"""The Greatest City"" ",owu1011,1856-12-20,,Life Illustrated,,3,63-72,New York,yes,whitman_scrapbook_344.tif,http://search.ebscohost.com.libproxy.unl.edu/login.aspx?direct=true&db=h9k&AN=59967247&site=ehost-live,
"Things Not Generally Known: A Popular Hand-book of Facts Not Readily Accessible in Literature, History, and Science",owu1001,1857,"Wells, David A.",,D. Appleton,,,New York,yes,"page 228, ""IS THE SUN INHABITED?"" corresponds to owu_rc.00020.jpg; p.40 ""Why there is no rain in peru"": whitman_scrapbook_271.tif",https://books.google.com/books?id=kNsWAAAAYAAJ&dq=things%20not%20generally%20known%20is%20the%20sun%20inhabited&pg=PA228#v=onepage&q=things%20not%20generally%20known%20is%20the%20sun%20inhabited&f=false,
"The Westminster Review, vol. LXVII",,1857,,,Leonard Scott & Co.,67,,New York,yes,owu_cb.00008.tif and following,"https://books.google.com/books?id=3XseAQAAMAAJ&pg=PA298&lpg=PA293&focus=viewport&dq=That+a+few+score+of+persons,+whose+avocations+were+those+of+herdsmen,+and+who+had+no+fixed+property&output=text#c_top",
Modern Naples,owu3026,1857-01-17,,Harper's Weekly,,,,,error,owu_km.00706,http://eds.a.ebscohost.com.libproxy.unl.edu/ehost/detail/detail?vid=0&sid=54d8c12a-9091-4aed-8591-18681eaabe91%40sessionmgr4010&bdata=JnNpdGU9ZWhvc3QtbGl2ZQ%3d%3d#AN=66961308&db=h9k,Pages 40-42
"""The Commerce of the La Plata--Advantages of Capt. Page's Explorations."" New York Daily Times",owu1004 (New York Daily Times),1857-01-19,,,,,,,error,"whitman_scrapbook_295.tif, back side on 296, back side of another part is on 297",https://search-proquest-com.libproxy.unl.edu/docview/95945711/fulltextPDF/9433D8CABA21401FPQ/1?accountid=8116,"couldn't find next scrap of newspaper, titled ""Prohibition by Constitutional ..."" on 298, looks like its from the same paper"
Statistical Notices on the Five Republics of Central America,owu0076,1857-01-25,R. De La Sagra,New York Herald,,,8,New York,yes,owu_cah.00557-8,http://find.galegroup.com.libproxy.unl.edu/ncnp/infomark.do?&source=gale&prodId=NCNP&userGroupName=linc74325&tabID=T003&docPage=article&searchType=AdvancedSearchForm&docId=GT3003610217&type=multipage&contentSet=LTO&version=1.0,
"THE SPANISH MOOR: OR, THE CONVENT OF ALCALA.: A STORY OF THE THRONE, THE ALTER AND THE FOREST. CHAPTER XV. THE TWO FALSE COUSINS",owu00040,1857-01-31,Eugene Scribe,Ballou's Pictorial Drawing - Room Companion ,,12,66,Boston,yes,whitman_scrapbook_111-112,https://search-proquest-com.libproxy.unl.edu/americanperiodicals/pagemap/124053010/pageview/858A04F01D5C4511PQ/18?t:lb=t&accountid=8116,
"Sketches in Sierra Leone, Western Africa.",owu0083,1857-01-31,,"Ballou's Pictorial Drawing-Room Companion, Vol. 12, Iss. 5",,12,67,Boston,yes,,https://search-proquest-com.libproxy.unl.edu/americanperiodicals/docview/124051175/17D245DEE33349A9PQ/6?accountid=8116,
Japan. Appearance of the Country.,owu0112,1857-02-08,,New York Times,,,2,New York,yes,owu_cah.000725-726,https://search-proquest-com.libproxy.unl.edu/docview/91446040/9D9B86AF09414B12PQ/1?accountid=8116,
We have already announced the grant by the Turkish Government,owu0089,1857-03-20,,New-York Daily Tribune,,,4,New York,yes,owu_cah.0037-40,https://chroniclingamerica.loc.gov/lccn/sn83030213/1857-03-20/ed-1/seq-4/,
H. M. Coral reefs,owu0030,1857-03-21,,LIfe Illustrated,,,,New York,error,owu_cah.00120,http://web.a.ebscohost.com.libproxy.unl.edu/ehost/archiveviewer/archive?vid=24&sid=eba9c500-8c6b-4a65-b0e6-85b737fa8d3d%40sessionmgr4006&bdata=JnNpdGU9ZWhvc3QtbGl2ZQ%3d%3d#kw=true&acc=false&lpId=divl45&ppId=divp7&twPV=null&xOff=0&yOff=9&zm=2&fs=null&rot=0&docMapOpen=true&pageMapOpen=true&AN=60413890&db=h9k,
Brief History of China,owu0030,1857-03-21,,LIfe Illustrated,,3,168-170,New York,yes,owu_cah.00685,http://search.ebscohost.com.libproxy.unl.edu/login.aspx?direct=true&db=h9k&AN=60413890&site=ehost-live,
Papuas,owu0030,1857-03-21,,LIfe Illustrated,,3,162-165,New York,yes,owu_cah.00727,http://search.ebscohost.com.libproxy.unl.edu/login.aspx?direct=true&db=h9k&AN=60413907&site=ehost-live,
Scenes in New Brunswick.,owu0072,1857-03-28,,"Ballou's Pictorial Drawing-Room Companion, Vol. 12, Iss. 13",,12,201,Boston,yes,owu_cah.00536,https://search-proquest-com.libproxy.unl.edu/docview/124050843/9E44FF29422D4DADPQ/1?accountid=8116,
"Canso Light, Nova Scotia",owu0072,1857-03-29,,"Ballou's Pictorial Drawing-Room Companion, Vol. 12, Iss. 14",,12,193,,yes,owu_cah.00538,https://search-proquest-com.libproxy.unl.edu/docview/124049246/7FEE9A1DFA654AA8PQ/1?accountid=8116,
News from New Granada,owu0075,1857-03-29,,New York Herald,,,2,New York,yes,owu_cah.00552-3,http://chroniclingamerica.loc.gov/lccn/sn83030313/1857-03-29/ed-1/seq-2/,
Cruise of the Sloop-of-War John Adams,owu0111,1857-03-29,,New York Herald,,,1,New York,yes,owu_cah.00723-724,http://chroniclingamerica.loc.gov/lccn/sn83030313/1857-03-29/ed-1/seq-1/,
Army and Militia of the United States (Also Wagon Road from Nebraska) ,owu0039,1857-04-05,,New York Herald,,,2,New York,yes,whitman_scrapbook_92,https://chroniclingamerica.loc.gov/lccn/sn83030313/1857-04-05/ed-1/seq-2/,
Wagon Road from Nebraska,owu0039,1857-04-05,,New York Herald,,,2,New York,yes,whitman_scrapbook_185,https://chroniclingamerica.loc.gov/lccn/sn83030313/1857-04-05/ed-1/seq-2/,"Same issue and source as ""Army and Militia of the United States"" see above."
Interests of Russia in China,owu0098,1857-04-06,,New York Herald,,,1,New York,yes,owu_cah.00671-674,https://chroniclingamerica.loc.gov/lccn/sn83030313/1857-04-06/ed-1/seq-1/,
The Emperor of China,owu0102,1857-04-06,,New-York Daily Tribune,,,6,New York,yes,owu_cah.00680 & owu_cah.00684,http://chroniclingamerica.loc.gov/lccn/sn83030213/1857-04-06/ed-1/seq-6/,Found through fultonsearch.org
Notes on the Missouri River,owu0050,1857-04-07,,New York Daily Tribune,,,6,New York,yes,whitman_scrapbook_183-184,https://chroniclingamerica.loc.gov/lccn/sn83030213/1857-04-07/ed-1/seq-6/#date1=1857&index=0&rows=20&words=fate+live+than+Worse&searchType=basic&sequence=0&state=&date2=1857&proxtext=Worse+fate+than+to+live&y=0&x=0&dateFilterType=yearRange&page=1,
The Southern States of the North American Union (by an English Traveler),owu0046,1857-04-18,"Listed as ""An English Traveler""; author is Edwin Lawrence Godkin ",May be The New York Weekly Tribune; it also appeared in the London Daily News,Macmillan Company,,,New York,yes,owu_cah.00321-owu_cah.00326?,https://books.google.com/books?id=CBZAAAAAYAAJ&pg=PA118&dq=%22Southern+letters+run+from+December%22&hl=en&sa=X&ved=0ahUKEwjeovTJke_cAhVE4oMKHVaYAYoQ6AEIJzAA#v=onepage&q=%22Southern%20letters%20run%20from%20December%22&f=false,"Link is to google books volume that reprints excerpts of Godkin's letters. There is a notice in April 17, 1857 issue of New York Daily Times that has a table of contents for the April 18, 1857 issue of the New York Weekly Times that lists the title as it appears here. If have access to Weekly Times, check that for source of original article."
"Madison, Wisconsin",owu0056,1857-04-18,,Life Illustrated,,3,200-209,New York,yes,owu_cah.00451,http://search.ebscohost.com.libproxy.unl.edu/login.aspx?direct=true&db=h9k&AN=60029031&site=ehost-live,
Sectarianism Among the Turks,owu0056,1857-04-18,,Life Illustrated,,3,200-204,New York,yes,owu_cah.00451,http://search.ebscohost.com.libproxy.unl.edu/login.aspx?direct=true&db=h9k&AN=60029048&site=ehost-live,"Same as ""Madison, Wisconsin"""
"News, &c. from Our Correspondents",owu0060,1857-04-25,,New York Herald,,,4,New York,yes,owu_cah.00465-6,https://chroniclingamerica.loc.gov/lccn/sn83030313/1857-04-25/ed-1/seq-4/,
The Prairies of Chontales,owu0074,1857-04-25,,Harper's Weekly,,,,New York,,owu_cah.00546-9,,
Some Celestial Paradoxes,owu0107,1857-04-25,,Harper's Weekly,,4,,New York,yes,owu_cah.00697-698,http://app.harpweek.com.libproxy.unl.edu/viewarticletext.asp?webhitsfile=hw18570425000033%2Ehtm&xpath=%2FTEI%2E2%5B1%5D%2Ftext%5B1%5D%2Fbody%5B1%5D%2Fdiv1%5B11%5D&xml=HW%5C1857%5C18570425%2Exml&titleid=HW&volumeid=1857&issueid=0425&pagerange=0260ad-0261a&restriction=&pageIDs=%7CHW-1857-04-25-0260%7CHW-1857-04-25-0261%7C,
Rivalry Existing Between England and Russia in Asia,owu2006,1857-04-26,,New York Herald,,,8,New York,yes,owu_cb.00033,http://chroniclingamerica.loc.gov/lccn/sn83030313/1857-04-26/ed-1/seq-8/,
Under the dominion of the Celestial Empire,owu0101,1857-05-11,,New-York Daily Tribune,,,4,New York,yes,owu_cah.00679 & owu_cah.00683,http://chroniclingamerica.loc.gov/lccn/sn83030213/1857-05-11/ed-1/seq-4/,Found through fultonsearch.org
Lake Superior Copper and Iron,owu0059,1857-05-20,,The Evening Post,,,2,,yes,owu_cah.00459-owu_cah.00460,http://nyshistoricnewspapers.org/lccn/sn83030384/1857-05-20/ed-1/seq-2/,
THE GREAT WEST,owu0049,1857-05-25,,New York Daily Times ,,,2,New York,yes,whitman_scrapbook_181-182,https://www.nytimes.com/1857/05/25/archives/the-great-west-character-of-the-development-in-program-at-the.html,https://timesmachine.nytimes.com/timesmachine/1857/05/25/78499139.html?pageNumber=2
Bayard Taylor in Northern Europe No. XXIII,owu0069,1857-06-12,,New York Daily Tribune,,,5,New York,yes,owu_cah.00521,https://chroniclingamerica.loc.gov/lccn/sn83030213/1857-06-12/ed-1/seq-5/,
Commercial Relations with Siam,owu0099,1857-06-13,,The Evening Post,,,2,,yes,owu_cah.00675-6,http://nyshistoricnewspapers.org/lccn/sn83030384/1857-06-13/ed-1/seq-2/,
Is the Sun Inhabited,owu0003,1857-06-20,,Life Illustrated,,,,New York,error,owu_cah.00030,http://web.a.ebscohost.com.libproxy.unl.edu/ehost/archiveviewer/archive?vid=12&sid=8e2c0a5d-982f-4a47-b908-ed860ebf17d9%40sdc-v-sessmgr04&bdata=JnNpdGU9ZWhvc3QtbGl2ZQ%3d%3d#kw=true&acc=false&lpId=divl28&ppId=divp6&twPV=null&xOff=0&yOff=0&zm=fit&fs=null&rot=0&docMapOpen=true&pageMapOpen=true&AN=60414716&db=h9k,"Same issue as ""Down to the year 1831"" and ""JRC Kenzer's Station"""
Down to the year 1831,owu0003,1857-06-20,,Life Illustrated,,,,New York,error,owu_cah.00031,http://web.a.ebscohost.com.libproxy.unl.edu/ehost/archiveviewer/archive?vid=22&sid=8e2c0a5d-982f-4a47-b908-ed860ebf17d9%40sdc-v-sessmgr04&bdata=JnNpdGU9ZWhvc3QtbGl2ZQ%3d%3d#kw=true&acc=false&lpId=divl1&ppId=divp2&twPV=null&xOff=0&yOff=0&zm=2&fs=null&rot=0&docMapOpen=true&pageMapOpen=true&AN=60414732&db=h9k,"Same issue as ""Is the Sun Inhabited?"" and ""JRC Kenzer's Station"""
J. R. C. Kenzer's Station,owu0003,1857-06-20,,Life Illustrated,,,,New York,error,owu_cah.00086,http://web.a.ebscohost.com.libproxy.unl.edu/ehost/archiveviewer/archive?vid=142&sid=8e2c0a5d-982f-4a47-b908-ed860ebf17d9%40sdc-v-sessmgr04&bdata=JnNpdGU9ZWhvc3QtbGl2ZQ%3d%3d#kw=true&acc=false&lpId=divl27&ppId=divp6&twPV=null&xOff=382&yOff=1871&zm=4&fs=null&rot=0&docMapOpen=true&pageMapOpen=true&AN=60414721&db=h9k,"Same issue as ""Is the Sun Inhabited?"" and ""Down to the year 1831"" Both this clipping and the clipping pasted on the bottom ""The first railway built in the United States"" are a single article."
Two hours later we were located (Egypt an Elephant Story - Jenny Lind - ...),owu0080,1857-07-15,,New York Times,,,2,New York,yes,owu_cah.00574-5,https://search-proquest-com.libproxy.unl.edu/hnpnewyorktimes/docview/95931650/83995181A5554DBFPQ/1?accountid=8116,
The Mutiny in India,owu0095,1857-07-19,,New York Herald,,,4,New York,yes,owu_cah.00663-4,https://chroniclingamerica.loc.gov/lccn/sn83030313/1857-07-19/ed-1/seq-4/,
Annexation in India,owu0092,1857-07-21,,New York Daily Times,,,4,New York,yes,owu_cah.00658,https://search-proquest-com.libproxy.unl.edu/docview/95936216/7797A213DD564C9CPQ/1?accountid=8116,
The Indian Empire,owu0093,1857-07-26,,New York Herald,,,4,New York,yes,owu_cah.00659-60,http://chroniclingamerica.loc.gov/lccn/sn83030313/1857-07-26/ed-1/seq-4/,
Geographical Discovereis,owu2011,1857-08-08,,Life Illustrated,,4,118-122,New York,yes,owu_cb.00047,http://search.ebscohost.com.libproxy.unl.edu/login.aspx?direct=true&db=h9k&AN=60416886&site=ehost-live,
The Nucleus of the Indian Mutiny,owu0096,1857-08-10,,New York Herald,,,1,New York,yes,owu_cah.00665-6,http://chroniclingamerica.loc.gov/lccn/sn83030313/1857-08-10/ed-1/seq-1/,
"""THE SCIENTIFIC CONVENTION.: Zodiacal Light--The Holyoke Dam--Coast Survey--The Gyroscope--Troy Weight In Coinage and Commerce--Remarkable Fossils--Coal Fields--Mineral Springs--Coast Subsidence--Observations in New-Jersey--Entertainments"" New York Daily Times",,1857-08-13,,,,,2,,yes,whitman_scrapbook_293.tif,https://search-proquest-com.libproxy.unl.edu/docview/95930132/abstract/A6BB66A8F32E4E09PQ/1?accountid=8116,
"""THE SCIENTIFIC CONVENTION AT MONTREAL"" New York Daily Times",owu0005,1857-08-15,n/a,New York Daily Times,,,2,New York,yes,owu_rc.00052.jpg ; whitman_scrapbook_11.tif,https://search-proquest-com.libproxy.unl.edu/docview/95920521?accountid=8116,
The National Revenue,owu0037,1857-08-17,,Brooklyn Daily Eagle,,,2,New York,yes,whitman_scrapbook_91,https://bklyn.newspapers.com/image/50410804/?terms=the+national+revenue,
"""From Chili."" ",owu1004,1857-08-17,,New York Daily Times,,,1,,yes,whitman_scrapbook_290-292.tif,https://search-proquest-com.libproxy.unl.edu/docview/95922517/46D2326A07EA49D0PQ/1?accountid=8116,
"""Our Copenhagen Correspondence.""",owu1019,1857-08-30,,New York Herald,,,,New York,error,owu_rc_00265-8,http://find.galegroup.com.libproxy.unl.edu/ncnp/newspaperRetrieve.do?sgHitCountType=None&sort=DateAscend&tabID=T003&prodId=NCNP&resultListType=RESULT_LIST&searchId=R1&searchType=AdvancedSearchForm&currentPosition=2&qrySerId=Locale%28en%2C%2C%29%3AFQE%3D%28tx%2CNone%2C29%29our+copenhagen+correspondence%3AAnd%3AFQE%3D%28ba%2CNone%2C6%29%225AJW%22%24&retrieveFormat=MULTIPAGE_DOCUMENT&userGroupName=linc74325&inPS=true&contentSet=LTO&&docId=&docLevel=FASCIMILE&workId=&relevancePageBatch=GT3009141237&contentSet=UDVIN&callistoContentSet=UDVIN&docPage=article&hilite=y,
Harper's Weekly,owu1010,1857-09-12,n/a,Harpers Weekly,,,,New York,,whitman_scrapbook_336-43.tif,,"Volume 1, which should contain this issue, is nowhere to be found online. The earliest one available seems to be volume 2.
"
New York Daily Tribune,owu1024,1857-09-16,,New York Daily Tribune,,,2,New York,yes,whitman_scrapbook_460-3.tif,https://chroniclingamerica.loc.gov/lccn/sn83030213/1857-09-16/ed-1/seq-3/,
Gateway of the Great Temple of Juggernauth,owu2016,1857-09-26,,Harper's Weekly,,,,New York,,owu_cb.00072,,
Brooklyn Daily Eagle,owu1009,1857-10-02,n/a,Brooklyn Daily Eage,,,1,New York,yes,whitman_scrapbook_333-35.tif,https://bklyn.newspapers.com/image/50418435/?terms=tropical+africa,
"""Our Stockholm Correspondence""",owu1018,1857-10-11,,New York Herald,,,,New York,error,owu_rc_00261-4,http://find.galegroup.com.libproxy.unl.edu/ncnp/newspaperRetrieve.do?sgHitCountType=None&sort=DateAscend&tabID=T003&prodId=NCNP&resultListType=RESULT_LIST&searchId=R1&searchType=BasicSearchForm&currentPosition=2&qrySerId=Locale%28en%2C%2C%29%3AFQE%3D%28tx%2CNone%2C28%29Our+Stockholm+Correspondence%3AAnd%3ALQE%3D%28da%2CNone%2C11%291841+-+1870%24&retrieveFormat=MULTIPAGE_DOCUMENT&userGroupName=linc74325&inPS=true&contentSet=LTO&&docId=&docLevel=FASCIMILE&workId=&relevancePageBatch=GT3003623189&contentSet=UDVIN&callistoContentSet=UDVIN&docPage=article&hilite=y,
History of the East India Company,owu0091,1857-10-24,,Harper's Weekly,,10,,New York,yes,owu_cah.00653-6,http://app.harpweek.com.libproxy.unl.edu/viewarticletext.asp?webhitsfile=hw18571024000038%2Ehtm&xpath=%2FTEI%2E2%5B1%5D%2Ftext%5B1%5D%2Fbody%5B1%5D%2Fdiv1%5B17%5D&xml=HW%5C1857%5C18571024%2Exml&titleid=HW&volumeid=1857&issueid=1024&pagerange=0680ad-0681ac&restriction=&pageIDs=%7CHW-1857-10-24-0680%7CHW-1857-10-24-0681%7C,
British Empire in India,owu0097,1857-10-25,,New York Herald,,,3,New York,yes,owu_cah.00667-8,http://chroniclingamerica.loc.gov/lccn/sn83030313/1857-10-25/ed-1/seq-3/,
New-York Daily Tribune,,1857-10-26,,New York Daily Tribune,,,4,New York,yes,owu_km.00016.tif and owu_km.00016.tif,https://chroniclingamerica.loc.gov/lccn/sn83030213/1857-10-26/ed-1/seq-4/,"An unsigned editorial from page 4 that begins ""The Turkish question still lives..."""
"""A Tunnel From England to France""",owu0004,1857-12-05,,Life Illustrated,,5,46-49,New York,yes,whitman_scrapbook_348.tif,http://search.ebscohost.com.libproxy.unl.edu/login.aspx?direct=true&db=h9k&AN=60416983&site=ehost-live,
The Gila Expedition,owu3020,1857-12-06,,New York Herald,,,3,New York,yes,owu_km.00158,https://chroniclingamerica.loc.gov/lccn/sn83030313/1857-12-06/ed-1/seq-3/,Found on Fulton History
"""It is likely that during the ",owu0062,1857-12-08,,New York Daily Tribune,,,5,New York,yes,owu_cah.00495-6,https://chroniclingamerica.loc.gov/lccn/sn83030213/1857-06-12/ed-1/seq-5/,
Brooklyn Daily Eagle,owu1008,1857-12-11,n/a,Brooklyn Daily Eagle,,,1,,yes,whitman_scrapbook_328-31.tif,https://bklyn.newspapers.com/image/50423202/,"332-5 look similar, but I couldn't find them on the same archive sites as the previous articles"
Livingstone's Travels and Researches in Southern Africa,owu0086,1857-12-17,,Brooklyn Daily Eagle,,,1,New York,yes,owu_cah.00606-7,https://bklyn.newspapers.com/image/50423361/,
Livingstone's Travels and Researches in Southern Africa,owu0081,1857-12-18,,Brooklyn Daily Eagle,,,1,New York,yes,owu_cah.00576-7,https://bklyn.newspapers.com/image/50423389/,
Italian Travel,owu1013,1857-12-26,,New York Times,,,3,New York,yes,whitman_scrapbook_364-5.tif,https://search-proquest-com.libproxy.unl.edu/hnpnewyorktimes/docview/91405296/E23248C01C2742E7PQ/11?accountid=8116,
The Proposed Territory of Arizona ,owu3018,1857-12-27,,New York Herald,,,4,New York,yes,owu_km.00144,https://chroniclingamerica.loc.gov/lccn/sn83030313/1857-12-27/ed-1/seq-4/,Found on Fulton History
The Nile,owu1027,1857-12-29,,New York Times,,,2,New York,yes,owu_rc_00355,https://search-proquest-com.libproxy.unl.edu/docview/91392435/401DB46D563E4B59PQ/4?accountid=8116,
Overland from St. Petersburg to the Mouth of the Amoor (Also The Japanese Becoming Less Exclusive),owu0110,1857-12-29,,New York Times,,,2,New York,yes,owu_cah.00716-717 (owu_cah.00719-20),https://search-proquest-com.libproxy.unl.edu/docview/91393526/9B4FF5CC9A78412EPQ/1?accountid=8116,
"""Excursion to Pompeii"" Burlington Free Press",owu1014,1858-01-01,Erastus Cornelius Benedict,Burlington Free Press,,,1,"Burlington, VT",yes,whitman_scrapbook_366-8.tif,https://chroniclingamerica.loc.gov/lccn/sn84023127/1858-01-01/ed-1/seq-1/,Copy is not available online
New York Times,owu1021,1858-01-06,,New York Times,,,,New York,,whitman_scrapbook_429-36.tif,,New York Times doesn't have free archived newspapers available online.
"""Foreign Correspondence."" & other columns Brooklyn Daily Eagle",owu1007,1858-01-09,n/a,Brooklyn Daily Eagle,,,1,,yes,whitman_scrapbook_324-7.tif,"https://bklyn.newspapers.com/image/50467866/?terms=Its+immense+magnitude,+the+ant-like+myriads+of+its+population",
Differences of Times,owu0014,1858-01-09,,Life Illustrated,,,,New York,error,owu_cah.00069-72,http://web.a.ebscohost.com.libproxy.unl.edu/ehost/archiveviewer/archive?vid=29&sid=8e2c0a5d-982f-4a47-b908-ed860ebf17d9%40sdc-v-sessmgr04&bdata=JnNpdGU9ZWhvc3QtbGl2ZQ%3d%3d#kw=true&acc=false&lpId=divl53&ppId=divp8&twPV=null&xOff=0&yOff=0&zm=fit&fs=null&rot=0&docMapOpen=true&pageMapOpen=true&AN=60414307&db=h9k,
Interesting Account of the Russian Settlements on the Amoor River,owu3021,1858-01-17,,New York Herald,,,2,New York,yes,owu_km.00160,https://chroniclingamerica.loc.gov/lccn/sn83030313/1858-01-17/ed-1/seq-2/,Found on Fulton History
[Exploration of the Amoor],owu3021,1858-01-17,,New York Herald,,,3,New York,yes,owu_km.00168 and owu_km.00174,https://chroniclingamerica.loc.gov/lccn/sn83030313/1858-01-17/ed-1/seq-3/,Found on Fulton History
Rev. Dr. Livingstone—This Eminent explorer,owu0087,1858-01-27,,Brooklyn Daily Eagle,,,2,New York,yes,owu_cah.00608-9,https://bklyn.newspapers.com/image/50467990/,
The Oyster Beds and Oyster Business of Virginia,owu0045,1858-01-28,,New York Daily Tribune,,,3,New york,yes,whitman_scrapbook_142-143,https://chroniclingamerica.loc.gov/lccn/sn83030213/1858-01-28/ed-1/seq-3/#date1=1858&sort=date&rows=20&words=oyster&searchType=basic&sequence=0&index=17&state=New+York&date2=1858&proxtext=oyster&y=0&x=0&dateFilterType=yearRange&page=2,
The Royal Families of Europe,owu1006,1858-02-21,,New York Herald,,,2,New York,yes,whitman_scrapbook_306-309.tif,http://chroniclingamerica.loc.gov/lccn/sn83030313/1858-02-21/ed-1/seq-2/,
The Pacific Railroad—Overland to California,owu3016,1858-04-19,,New York Daily Times ,,,,New York,error,owu_km.00124,https://timesmachine.nytimes.com/timesmachine/1858/04/19/78534043.html?pageNumber=4,Found via a reprinted excerpt on Fulton History
Overland Communication with the Pacific—The False and the True Policy,owu3022,1858-04-24,,New York Herald,,,4,New York,yes,owu_km.00178,https://chroniclingamerica.loc.gov/lccn/sn83030313/1858-04-24/ed-1/seq-4/,
New-York Daily Tribune,owu1015,1858-07-26,,New-York Daily Tribune,,,1,New York,yes,whitman_scrapbook_377-84.tif ,https://chroniclingamerica.loc.gov/lccn/sn83030213/1858-07-26/ed-1/seq-1/,
"CHINA.: DELIVERY OF THE PRESIDENT'S LETTER. THREE DAYS WITH THE MANDARINS. Bombardment of the Ta-Koo. Interview of Mr, Reed with the Imperial Commissioner",owu0085,1858-08-20,,New York Times,,,1,New York,yes,owu_cah.00600-1,https://search-proquest-com.libproxy.unl.edu/hnpnewyorktimes/docview/91409073/FA923820CCA64F40PQ/1?accountid=8116,
Geological Lectures—Dr. Boynton,owu3006,1858-09-23,,Brooklyn Daily Eagle,,,3,New York,yes,whitman_scrapbook_697,https://bklyn.newspapers.com/image/50469331,page 3; advertisement for a lecture
Summary received by the last English mail,owu0106,1858-09-27,,New-York Daily Tribune,,,4,New York,yes,owu_cah.00694-695,https://chroniclingamerica.loc.gov/lccn/sn83030213/1858-09-27/ed-1/seq-4/,
Dr. Boynton's Second Lecture,owu0008,1858-10-01,,Brooklyn Daily Eagle,,,2,New York,yes,whitman_scrapbook_11-12,https://bklyn.newspapers.com/image/50469358,
The Donati Comet.,owu0011,1858-10-10,,New York Herald,,,1,New York,yes,whitman_scrapbook_14-17,https://chroniclingamerica.loc.gov/lccn/sn83030313/1858-10-10/ed-1/seq-1/,Found through fultonhistory.com
The Brooklyn Daily Eagle,owu1016,1858-10-12,,The Brooklyn Daily Eagle,,,1,New York,yes,whitman_scrapbook_405-10.tif,https://bklyn.newspapers.com/image/50469393/?terms=The+fetes+celebrated+in+this+old+city+in+honor+of,
Dr. Boynton's Sixth Lecture,owu0009,1858-10-13,,Brooklyn Daily Eagle,,,2,New York,yes,whitman_scrapbook_12,https://bklyn.newspapers.com/image/50469398,
The Great Comet: Lecture by Rev. H Mattison,owu0010,1858-10-14,,The New York Herald,,,1,New York,yes,,https://chroniclingamerica.loc.gov/lccn/sn83030313/1858-10-14/ed-1/seq-1/,found through fultonhistory.com
Comets: Their Histories and Habits,owu0012,1858-10-15,,New York Daily Tribune,,,7,New York,yes,whitman_scrapbook_18-21,https://chroniclingamerica.loc.gov/lccn/sn83030213/1858-10-15/ed-1/seq-7/,Found through fultonhistory.com
New-York Daily Tribune,,1858-11-02,,,,,1,New York,yes,whitman_scrapbook_428-8.tif,https://chroniclingamerica.loc.gov/lccn/sn83030213/1858-11-02/ed-1/seq-1/,
"""Bayard Tayor in Northern Europe: No. LXX Railroads in Russia""",owu1020,1858-11-02,Bayard Taylor,New York Daily Tribune,,,6,New York,yes,owu,https://chroniclingamerica.loc.gov/lccn/sn83030213/1858-11-02/ed-1/seq-6/,
Our Vienna Correspondence,owu0079,1858-11-07,,New York Herald,,,2,New york,yes,owu_cah.0072-73,https://chroniclingamerica.loc.gov/lccn/sn83030313/1858-11-07/ed-1/seq-2/,
BURMAH. The New Capital...,owu2015,1858-11-08,,New York Times,,,,,,owu_cb.00067,,
The Indians in Oregon and Washington,owu3009,1858-11-19,,New York Daily Tribune,,,6,New York,yes,owu_km.00108; owu_km.00088 (continuation of column from owu_km.00108),https://chroniclingamerica.loc.gov/lccn/sn83030213/1858-11-19/ed-1/seq-6/,Found on Fulton History
"""The Brazilian Empire."" The Sailor's Magazine, vol 31-32",owu1005,1858-11-28,,New York Herald,,,4,New York,yes,whitman_scrapbook_300-303.tif,http://chroniclingamerica.loc.gov/lccn/sn83030313/1858-11-28/ed-1/seq-4/,"This article seems to have been plagiarized multiple times, so this may not have been the source in which Whitman found it"
Life in the Pacific Territories,owu3017,1858-12-04,,New York Daily Tribune,,,6,New York,yes,owu_km.00131,https://chroniclingamerica.loc.gov/lccn/sn83030213/1858-12-04/ed-1/seq-6/,"Found on Fulton History. Seemingly a continuation (or at least related to) the article from the Tribune of Nov. 19 (""The Indians in Oregon and Washington""), which this article references at the beginning. So Whitman was seemingly ""following"" this whole series of pieces..."
The Fisheries of Puget Sound and the Vicinity,owu3023,1858-12-27,,New-York Daily Tribune,,,6,New York,yes,owu_km.00182,https://chroniclingamerica.loc.gov/lccn/sn83030213/1858-12-27/ed-1/seq-6/,
A Long Look Backward,owu3014,1858-12-31,,New York Daily Tribune,,,3,New York ,yes,owu_km.00110,https://chroniclingamerica.loc.gov/lccn/sn83030213/1858-12-31/ed-1/seq-3/,Found on Fulton History
"The Eclectic Magazine of Foreigh Literature, Science, and Art, Volume 47 (This is not the original source and only provides text for the first paragraph)",,1859,,"Leavitt, Trow, & Company",,47,143,,yes,whitman_scrapbook_074.tif,https://books.google.com/books?id=bRZLAQAAMAAJ&pg=PA143&dq=Statistics+of+population+and+religion+the+director+of+the+statistical+bureau+of+berlin+furnishes&hl=en&sa=X&ved=0ahUKEwjmx8ev9vPYAhUKLqwKHfK9DCcQ6AEIJzAA#v=onepage&q=Statistics%20of%20population%20and%20religion%20the%20director%20of%20the%20statistical%20bureau%20of%20berlin%20furnishes&f=false,
Utah and the Great Basin,owu3010,1859-01-29,H. F. Hamlin,New York Daily Tribune,,,,,yes,owu_km.00089,https://chroniclingamerica.loc.gov/lccn/sn83030213/1859-01-29/ed-1/seq-6/,Found on Fulton History
"""The Rosettat Stone--Letter from Humbodt"" (sic), New York Times",owu0027,1859-07-13,n/a,New York Times,,,2,New York,yes,whitman_scrapbook_036.tif,https://search-proquest-com.libproxy.unl.edu/docview/91480540/76397A03F4F440C1PQ/1?accountid=8116,
 Lecture of W. S. Studley.,owu0028,1860-02-17,,Brooklyn Daily Eagle,,,2,New York,yes,whitman_scrapbook_037.tif,http://nyshistoricnewspapers.org/lccn/sn83031151/1860-02-17/ed-1/seq-2/#date1=01%2F01%2F1725&index=0&date2=12%2F31%2F1861&searchType=advanced&SearchType=prox5&sequence=0&words=Lecture+lecture+S+Studley+W&proxdistance=5&to_year=1861&rows=20&ortext=&from_year=1725&proxtext=Lecture+of+W.+S.+Studley&phrasetext=&andtext=&dateFilterType=range&page=1,
Pre-Adamite Man,owu3015,1860-10-24,,Brooklyn Daily Eagle,,,1,New York ,yes,owu_km.00117,https://bklyn.newspapers.com/image/50416847/,
"""Scenes on the Ocean Floor"" The Sailor's Magazine, volumes 29-30 (Not the original source)",owu0022,1867-05,n/a,,,"29, 30",270,,yes,owu_cah.00086.jpg,https://books.google.com/books?id=qeMkAAAAYAAJ&pg=PA270&dq=scenes+on+the+ocean+floor&hl=en&sa=X&ved=0ahUKEwi37vez5c3YAhUDzGMKHZq1BmYQ6AEIJzAA#v=onepage&q=scenes%20on%20the%20ocean%20floor&f=false,
Life Illustrated,,"December 5, 1856",,,,,,,,owu_cb.00029.tif and following,can't find online source,
Universal History in Perspective,,not sure (multiple editions),"Willard, Emma",,A.S. Barnes and Company,,1,,yes,owu_rc.00081-82,https://books.google.com/books?id=HVwAAAAAYAAJ&printsec=frontcover&dq=editions:6j7edqj8qeQC&hl=en&sa=X&ved=0ahUKEwio9aqr7s3YAhUYHGMKHYAWBGIQuwUIPTAE#v=onepage&q=picture%20of%20nations&f=false,Image is not included in the Google book
"""The Eve of the Conquest"", The Eclectic Magazine of Foreign Literature, Science, and Art, volumes 16-17",,1849,n/a,,,,,,yes,owu_rc.00052.jpg,https://books.google.com/books?id=pp93MKd9Q1wC&dq=A%20volume%20of%20Milton%20will%20most%20probably%20open&pg=PA190#v=onepage&q=A%20volume%20of%20Milton%20will%20most%20probably%20open&f=false,
,,,,Life Illustrated,,,,,,whitman_scrapbook_30-32.tif,,I can't find an online text for these pages but they appeared in Life Illustrated based on the pages themselves
"Dictionary of Dates, and Universal Reference (This is not the original source)",,,"Haydn, Joseph Timothy",,,"16, 17",,,yes,whitman_scrapbook_32.tif (Ship Building & Tin articles),"https://books.google.com/books?id=eo3bC8OL_CIC&pg=PA468&dq=the+art+is+attributed+to+the+Egyptians,+as+the+first+inventors,+the+first+ship&hl=en&sa=X&ved=0ahUKEwj-gtGwsvHYAhUBXK0KHWBhAckQ6AEIXzAK#v=onepage&q=Discovered%20in%20Barbary%201640&f=false",This is not the original source for these materials but the text is available here
Our Country (Not the original source),,,,,,,,,not shown,whitman_scrapbook_90.tif,http://find.galegroup.com.libproxy.unl.edu/ncnp/newspaperRetrieve.do?sgHitCountType=None&sort=DateAscend&tabID=T003&prodId=NCNP&resultListType=RESULT_LIST&searchId=R3&searchType=BasicSearchForm&currentPosition=3&qrySerId=Locale%28en%2C%2C%29%3AFQE%3D%28tx%2CNone%2C34%29the+greatest+cataract+in+the+world%24&retrieveFormat=MULTIPAGE_DOCUMENT&userGroupName=linc74325&inPS=true&contentSet=LTO&&docId=&docLevel=FASCIMILE&workId=&relevancePageBatch=GT3005389438&contentSet=UDVIN&callistoContentSet=UDVIN&docPage=article&hilite=y,
,,,,,,,,,,whitman_scrapbook_359.tif,,Same as above (original not found)
New-York Daily Tribune,,,,,,,,,,whitman_scrapbook_414-22.tif,,"These look identical in format to other columns from the New-York Daily Tribune, but there is no visible date, and the Chronicling America website does not have searchable text for this paper."
,,,,,,,,,,,,
"""The Different African Races."" (this is not the original source)",owu1023,,,,,16,,"Philadelphia, PA",,whitman_scrapbook_459.tif,https://books.google.com/books?id=_Ic7AQAAMAAJ&pg=PA127&dq=Dr.+B.+considers+them+an+indigenous+race&hl=en&sa=X&ved=0ahUKEwiE8s6EwOTYAhUE4WMKHcJwAsUQ6AEIJzAA#v=onepage&q=Dr.%20B.%20considers%20them%20an%20indigenous%20race&f=false,Could not find original source. This book contains a somewhat modified version of the article.
"Brooklyn Museum Flyer, ""Italia: Waugh's Great Paintings""",owu1012,,,,,,,,,"whitman_scrapbook_361, 372-373",,
LECTURE ON INDIA.,owu1025,,,,,,,,,owu_rc_00349,,
The French in Algeria.,owu1026,,,,,,,,,owu_rc_00352,,
According to the Statistical tables of Dr. Petermann,owu1028,,,,,,,,,owu_rc_00169,,
Russia is to have her system of Railroads,owu1029,,,,,,,,,owu_rc_00256,,